lat,lon,elevation,slope,aspect,01-07-2015,02-07-2015,03-07-2015,04-07-2015,05-07-2015,06-07-2015,07-07-2015,08-07-2015,09-07-2015,10-07-2015,11-07-2015,12-07-2015,13-07-2015,14-07-2015,15-07-2015,16-07-2015,17-07-2015,18-07-2015,19-07-2015,20-07-2015,21-07-2015,22-07-2015,23-07-2015,24-07-2015,25-07-2015,26-07-2015,27-07-2015,28-07-2015,29-07-2015,30-07-2015
25.5,92.73,682.0,4.752552032,105.5209656,0.0,0.0,0.0,13.0,20.0,53.8,0.0,2.6,0.0,3.0,0.0,5.0,0.0,0.0,21.0,17.5,11.9,17.9,49.0,48.3,16.2,4.9,1.5,0.4,31.1,12.1,15.7,4.7,15.4,7.1
25.57,91.88,1521.0,0.728650928,208.9991302,0.0,7.2,0.0,14.9,5.7,3.1,3.7,0.0,4.2,0.8,0.0,2.2,0.8,0.4,0.4,2.2,0.7,2.6,8.3,14.8,4.6,1.4,0.4,0.6,0.6,0.4,0.1,0.0,0.0,5.0
25.62,93.67,366.0,0.475854754,227.9595184,0.0,0.0,0.0,0.0,0.0,18.0,24.0,0.0,1.0,0.5,25.0,2.0,0.0,0.0,2.0,1.8,0.5,6.9,2.1,0.6,0.3,0.1,44.3,17.2,6.0,6.1,4.3,2.8,3.5,1.0
25.63,94.17,1203.0,15.52780724,47.11017609,24.6,8.8,11.4,17.8,4.2,0.0,6.4,0.0,3.4,4.8,14.6,4.8,0.0,0.0,3.8,3.2,15.2,4.6,14.2,4.3,3.7,7.9,14.0,6.1,1.8,5.8,5.8,31.4,9.4,5.1
25.7,91.97,908.0,1.457437515,330.9745483,13.7,1.7,2.3,1.6,0.6,2.2,10.2,0.0,0.0,0.0,0.0,0.6,0.0,1.1,1.2,0.4,2.7,11.4,3.4,1.0,5.5,1.6,1.2,2.7,2.9,1.7,0.5,0.2,0.9,4.9
25.72,94.03,1125.0,13.46727276,357.0446472,0.0,9.2,6.4,3.6,0.0,1.6,38.6,0.0,1.2,2.0,1.6,18.0,0.0,4.2,9.8,4.9,3.1,4.0,5.4,9.3,6.0,17.4,9.5,12.9,9.6,6.6,7.1,4.2,2.8,0.8
25.75,93.18,141.0,0.952217698,312.0093689,0.0,0.0,0.0,0.0,0.0,12.0,0.0,33.2,1.0,0.0,1.0,19.8,0.0,0.0,0.0,6.0,2.7,0.8,1.1,0.3,0.1,0.0,0.0,1.3,0.4,97.6,31.7,18.0,5.4,1.6
25.8,93.58,207.0,4.176338196,237.7799072,2.2,2.8,0.0,51.6,0.0,32.8,4.2,0.0,0.0,12.8,27.2,16.4,0.0,0.0,0.0,8.0,10.5,6.5,14.2,13.3,16.4,15.8,4.7,1.4,0.4,0.1,0.8,0.2,0.1,0.0
25.83,92.83,97.0,4.240686893,270.0,0.0,0.0,0.0,0.0,3.0,3.8,0.0,0.0,1.2,0.0,0.0,0.0,0.0,0.0,1.0,0.3,0.1,0.0,1.4,0.4,2.2,5.8,2.6,0.8,2.0,0.6,0.2,0.1,0.0,0.0
25.87,93.43,175.0,3.414013386,304.01297,4.0,0.0,0.0,11.0,0.0,10.0,0.0,0.0,0.0,0.0,0.0,0.0,0.0,0.0,0.0,0.0,0.0,3.0,0.9,0.3,0.1,0.0,0.0,0.0,0.0,0.0,0.0,0.0,0.0,0.0
25.9,91.88,561.0,9.18572998,142.2842102,16.8,26.2,4.0,4.6,0.0,0.0,10.6,6.0,6.8,4.6,0.0,9.0,0.0,11.2,8.8,6.0,1.8,0.5,5.9,1.8,8.4,7.5,4.7,5.7,7.8,15.6,18.0,13.1,15.6,6.8
25.9,93.75,143.0,3.247697115,299.3456726,0.0,0.8,0.0,1.4,0.0,40.2,5.0,0.0,32.4,14.6,6.5,28.3,0.0,0.0,0.0,7.3,2.2,5.8,1.7,0.5,0.2,2.6,0.8,0.9,6.9,6.5,11.3,3.4,15.7,12.8
25.92,93.75,141.0,2.148596287,278.525177,0.0,0.0,0.0,0.0,0.0,4.2,3.0,0.0,0.0,0.2,6.2,7.8,0.0,0.0,0.0,0.0,4.1,1.2,0.4,0.1,0.9,0.3,3.4,1.0,0.3,0.1,0.0,0.0,24.8,7.4
25.95,90.22,34.0,0.476587951,311.9610596,0.0,0.0,0.0,0.2,0.0,0.0,0.0,18.4,5.6,0.0,12.8,0.2,0.0,7.4,9.4,28.7,8.6,2.6,0.8,2.5,0.8,0.2,1.6,1.5,0.4,0.1,24.5,7.4,2.2,0.7
25.97,92.6,71.0,0.708878219,90.0,0.0,0.0,6.2,0.0,2.1,0.0,0.0,4.2,2.3,0.0,0.0,5.2,3.2,5.3,8.2,2.5,0.8,0.2,0.1,3.4,1.0,0.3,0.1,0.0,3.7,1.1,0.3,3.0,3.5,1.0
26.02,89.98,31.0,0.729302406,330.9086609,0.0,0.0,0.0,23.6,0.0,0.0,0.0,0.0,7.2,1.8,4.7,0.0,0.0,1.2,48.2,14.5,4.4,1.3,6.8,13.2,4.0,1.2,0.4,0.1,0.0,1.3,0.4,4.4,1.3,0.4
26.02,93.78,139.0,0.77747184,114.1953888,0.0,0.0,0.0,0.0,0.0,7.0,0.0,0.0,0.0,0.0,0.0,45.0,8.0,0.0,7.5,2.2,0.7,0.2,0.1,0.0,0.0,0.0,10.9,3.3,1.0,0.3,0.1,0.0,0.0,0.0
26.07,93.13,92.0,1.322876453,195.5527649,0.0,0.0,0.0,7.0,12.0,20.0,0.0,12.2,64.3,10.2,0.0,0.0,0.0,0.0,0.0,0.0,34.0,10.2,3.1,0.9,0.3,10.0,3.0,0.9,0.3,0.1,0.0,0.0,0.0,7.9
26.1,91.58,51.0,0.729420245,29.10797501,0.0,0.0,12.9,3.2,13.8,2.0,7.8,2.6,0.0,0.0,28.8,0.0,2.6,0.0,42.4,15.4,5.2,4.2,2.9,8.7,2.6,61.3,22.3,6.7,7.1,28.0,8.4,27.8,8.3,28.6
26.1,94.25,1250.0,16.59986305,265.7202148,0.0,0.0,22.2,1.6,3.2,2.8,2.2,0.0,4.6,62.8,2.8,6.8,0.0,5.8,2.4,2.1,2.5,7.0,5.1,2.5,5.7,1.7,1.2,7.1,2.1,8.4,3.0,0.9,7.9,3.5
26.15,89.47,39.0,0.0,0.0,0.0,0.4,15.8,23.8,48.8,0.0,0.0,12.4,1.6,8.8,0.0,0.0,0.0,0.2,30.8,11.2,3.4,6.8,3.1,60.9,19.2,103.2,31.0,9.8,100.4,30.1,9.0,3.6,1.1,21.0
26.15,94.55,1202.0,24.98055649,265.8925476,1.6,4.6,42.2,4.2,1.2,0.8,0.0,0.0,12.8,42.8,49.4,2.6,0.0,0.0,2.4,1.3,0.8,0.7,0.9,0.3,0.1,6.7,3.9,5.4,1.6,10.3,3.1,2.8,3.2,1.0
26.17,89.25,44.0,0.954100311,48.09241104,78.0,0.1,40.2,55.4,111.4,0.6,0.0,29.2,0.0,4.8,14.2,0.0,7.0,9.8,66.2,50.6,112.7,41.2,36.3,11.2,30.4,68.8,118.1,35.4,30.6,17.1,36.2,89.7,30.5,9.2
26.17,90.63,43.0,2.222562313,106.6552124,0.0,0.0,0.0,9.0,47.4,0.0,0.0,2.0,0.0,26.2,0.0,0.0,0.0,25.4,31.8,18.5,22.3,6.7,19.2,5.8,23.6,7.1,2.1,0.6,35.4,24.6,7.4,2.2,0.7,36.6
26.17,92.35,61.0,2.333763838,114.1678696,1.6,19.4,2.2,0.8,16.4,6.0,3.2,56.8,16.2,0.0,1.2,0.0,33.8,0.0,41.2,13.0,21.2,7.8,2.7,2.0,0.6,1.7,13.4,4.0,7.1,3.1,0.9,0.3,21.2,21.2
26.17,92.67,64.0,1.19071734,323.3945007,0.0,1.2,10.2,25.3,8.4,0.0,5.3,61.7,16.4,0.0,0.0,10.7,23.4,0.6,40.6,12.2,3.7,10.0,8.8,2.6,0.8,13.1,3.9,3.6,98.6,29.9,15.2,9.4,6.0,25.3
26.18,90.63,44.0,10.55096722,273.4237976,0.0,0.0,0.0,20.0,36.0,0.0,0.0,1.2,5.0,24.0,0.0,0.0,0.0,25.0,12.0,3.6,1.1,0.3,24.8,7.4,4.9,1.5,0.4,0.1,0.0,0.0,0.0,0.0,4.1,3.5
26.2,94.82,1877.0,15.39924431,341.6348267,4.1,39.1,20.1,1.3,4.1,3.0,0.0,0.0,0.0,37.2,9.1,17.3,4.1,2.0,14.2,4.3,18.2,28.1,8.4,6.2,34.8,10.4,7.7,12.0,11.1,3.3,3.2,3.6,17.8,23.1
26.23,94.5,703.0,8.073673248,105.9296799,5.4,18.8,8.2,6.0,32.6,0.0,0.0,0.0,0.0,6.2,4.6,0.0,1.8,0.0,4.6,1.4,6.3,15.0,15.5,4.6,4.6,3.1,10.7,3.2,3.5,13.8,6.4,5.9,8.4,5.0
26.27,94.12,281.0,11.08931541,246.5922241,0.0,0.0,0.0,12.2,0.0,15.2,5.1,0.0,0.0,0.0,0.0,0.0,0.0,0.0,21.3,6.4,1.9,0.6,0.2,0.1,14.5,4.4,1.3,0.4,0.1,0.0,0.0,13.9,4.2,1.3
26.3,90.45,45.0,1.421557546,90.0,0.0,2.4,20.4,32.2,21.0,0.0,0.0,13.4,0.0,27.4,0.0,0.0,0.0,10.2,23.4,21.8,6.5,16.1,10.3,3.1,0.9,3.8,1.1,0.3,0.1,0.0,31.1,9.3,6.9,2.1
26.3,93.88,113.0,2.663647413,68.98286438,0.0,0.0,0.0,0.0,0.0,0.0,0.0,0.0,0.0,1.5,0.0,0.0,0.0,0.0,6.1,3.3,1.0,0.3,1.3,0.4,0.1,0.5,0.2,0.1,0.0,0.0,1.4,1.9,0.6,0.2
26.32,89.65,38.0,0.637305915,0.0,77.2,2.8,55.6,122.8,124.4,5.2,0.0,4.0,0.0,12.8,0.6,0.0,1.4,29.0,99.0,29.9,9.0,4.0,20.6,37.8,11.7,16.2,8.9,68.8,39.2,17.3,64.8,21.7,28.0,8.4
26.32,91.02,42.0,0.355517298,90.0,0.0,0.0,1.0,37.6,13.2,4.0,0.0,1.2,0.0,52.2,0.4,0.0,0.0,19.2,60.8,18.2,9.4,5.8,11.7,3.6,1.1,0.3,0.1,2.9,48.5,26.5,12.3,9.9,3.0,0.9
26.33,89.23,47.0,1.558106184,65.86161041,53.0,38.8,7.8,16.6,22.6,3.4,0.0,7.6,0.0,0.0,0.6,0.0,0.0,6.0,45.8,16.4,4.9,3.4,1.0,5.1,2.5,8.3,15.7,5.8,8.5,100.0,42.0,86.8,32.2,11.0
26.33,89.47,42.0,3.60743618,280.1623535,22.5,49.8,9.0,6.0,17.0,0.6,0.0,4.4,0.0,0.6,0.8,0.0,0.0,8.6,19.9,6.0,1.8,12.0,23.9,7.3,18.9,5.7,3.7,1.9,0.6,35.6,18.6,5.8,1.7,15.0
26.33,91.67,52.0,0.729762614,209.1562195,0.0,0.0,0.0,0.0,86.0,8.0,0.0,0.0,0.0,0.0,0.0,0.0,0.0,0.0,0.0,0.0,1.3,0.4,0.1,0.0,0.0,4.9,1.5,0.4,0.1,0.0,0.0,0.0,0.0,0.0
26.33,94.53,1340.0,8.494484901,321.446228,0.0,0.0,6.0,4.3,0.0,9.3,3.4,0.0,0.0,38.3,3.0,4.2,0.0,0.0,0.0,0.0,0.0,1.7,0.5,0.2,0.1,0.0,0.0,0.9,0.3,0.1,0.0,1.4,0.4,11.4
26.38,90.27,43.0,1.113541722,253.3731537,0.0,34.0,81.0,77.0,79.2,0.0,4.2,18.2,0.0,39.6,2.2,0.0,0.8,90.4,53.8,16.1,102.3,34.7,10.4,3.1,25.1,7.5,2.2,0.7,5.0,5.2,99.0,35.2,14.5,4.4
26.42,91.5,52.0,0.729897261,330.8248291,0.0,0.0,0.0,0.0,70.0,10.0,0.0,0.0,0.0,0.0,0.4,0.0,0.0,0.0,60.8,18.2,5.5,1.6,0.5,0.2,0.1,0.0,0.0,0.0,0.0,0.0,0.0,0.0,0.0,0.4
26.45,91.62,60.0,1.243316531,120.8322372,0.0,0.0,0.0,0.0,25.0,0.0,0.0,0.0,0.0,0.0,4.0,1.0,0.0,0.0,5.0,1.5,0.4,0.1,0.0,4.2,1.3,2.5,0.8,0.2,0.1,0.0,6.8,2.0,0.6,0.2
26.48,89.52,50.0,1.020029306,159.574585,14.6,9.4,102.4,28.6,12.0,0.0,0.0,1.0,0.0,5.4,1.2,0.0,6.0,19.0,150.8,47.0,14.1,5.5,5.1,5.4,27.6,8.3,12.6,3.8,1.1,6.0,4.1,1.2,19.6,5.9
26.5,91.0,44.0,0.318662822,180.0,0.0,0.0,4.4,36.2,14.2,3.0,0.0,0.2,0.0,12.8,0.4,0.0,0.0,23.4,12.4,3.9,1.2,5.7,1.7,8.5,2.6,8.3,2.6,1.4,2.3,3.6,1.1,3.9,1.6,0.5
26.52,89.2,61.0,1.910873413,228.1785736,22.4,57.6,36.4,14.2,34.4,14.6,0.0,26.2,0.0,6.6,0.0,0.0,22.2,1.2,44.8,21.1,6.3,85.4,25.6,15.0,4.5,24.1,23.4,38.1,11.4,3.4,21.6,13.8,22.5,13.2
26.52,89.8,59.0,0.780267358,65.89682007,40.4,11.6,36.6,113.2,88.8,0.2,0.0,11.4,0.0,31.4,0.0,0.0,6.8,31.6,65.6,32.3,9.7,3.8,1.1,14.1,4.2,18.0,102.9,77.9,35.8,18.4,51.1,16.5,90.9,124.7
26.52,93.97,103.0,0.780267358,245.8968201,0.0,2.1,0.0,0.0,2.2,14.6,12.6,1.1,0.0,0.0,0.0,0.0,0.0,0.0,33.6,45.5,13.6,4.1,1.2,0.4,0.1,6.0,1.8,0.5,0.2,0.1,0.0,10.4,3.1,2.3
26.53,88.72,88.0,0.477906913,131.8190155,0.4,0.4,28.8,37.2,47.6,2.1,0.8,41.6,0.0,4.2,0.4,4.0,0.1,23.4,93.0,31.9,28.4,9.7,2.9,1.8,4.3,17.7,10.6,4.4,1.8,9.6,3.4,16.6,9.1,4.2
26.55,88.75,86.0,1.632226229,192.6027985,0.0,5.2,20.0,17.2,103.0,4.6,0.6,27.0,0.0,2.6,0.4,3.8,0.0,20.6,76.0,52.2,30.0,11.4,12.0,25.5,29.1,10.2,34.6,11.7,4.5,3.1,45.9,13.8,9.0,9.5
26.58,88.68,90.0,0.318662822,0.0,6.8,0.0,98.4,30.6,52.6,0.0,1.2,4.6,0.0,18.0,0.0,2.8,0.0,57.6,177.8,59.0,17.7,5.3,1.6,0.5,6.3,1.9,0.6,94.2,45.9,13.8,23.6,8.2,2.5,0.8
26.58,88.93,81.0,1.020137906,339.5582275,17.8,17.4,87.8,36.4,68.2,8.2,0.6,0.0,0.0,1.2,1.6,0.0,0.0,14.6,78.6,23.6,13.0,16.4,6.2,1.9,0.6,1.0,3.5,1.0,23.1,14.2,4.6,15.2,12.0,18.2
26.62,89.8,82.0,0.730199337,150.7824097,64.4,19.0,107.4,55.4,32.4,0.0,0.0,0.0,0.0,23.0,0.0,0.0,28.0,64.6,156.4,46.9,22.9,17.2,5.2,67.2,51.7,58.0,24.8,104.9,74.1,50.6,83.7,25.1,7.5,99.7
26.62,92.78,97.0,9.098137856,346.520874,17.0,17.6,0.8,0.1,48.9,13.3,0.0,0.1,0.7,0.0,0.0,0.0,0.0,1.1,57.9,17.4,90.7,27.2,66.5,30.6,9.5,6.1,1.8,2.5,0.8,13.4,4.0,1.4,2.0,0.6
26.67,89.33,91.0,0.318662822,0.0,3.4,19.0,31.0,27.0,66.0,15.6,0.0,1.0,0.0,18.0,0.6,0.6,1.2,0.4,96.8,126.5,37.9,11.4,3.4,6.2,16.7,6.4,5.4,2.1,15.9,4.8,62.2,23.0,7.7,11.3
26.67,90.65,119.0,0.73027575,150.771698,0.0,0.0,5.0,78.4,47.6,0.0,0.0,0.0,0.0,6.6,13.2,0.0,0.0,27.2,48.2,21.2,6.4,54.7,16.4,4.9,30.0,23.7,7.1,2.1,0.6,0.2,0.1,13.5,4.0,1.2
26.67,90.87,76.0,1.663648248,220.006546,0.0,0.0,10.2,22.8,6.0,5.4,0.0,0.0,14.0,6.0,0.0,0.0,0.0,20.2,2.2,11.7,3.5,1.0,1.8,3.7,10.3,6.9,2.1,4.0,1.2,0.4,7.1,25.1,14.4,4.3
26.67,93.75,81.0,0.781117558,294.0752869,4.6,3.2,4.4,16.2,22.6,0.0,0.0,0.0,0.0,0.0,0.4,0.0,4.4,46.0,16.6,6.4,1.9,0.6,0.2,0.1,36.5,12.1,5.8,2.6,2.1,0.6,22.9,6.9,2.1,0.6
26.7,92.48,82.0,0.318662822,180.0,7.0,6.3,20.3,0.0,22.3,3.0,0.0,11.0,0.0,0.0,5.0,0.0,0.0,0.0,43.2,13.0,6.5,2.0,8.1,2.4,0.7,0.2,0.1,7.9,2.4,0.7,3.7,1.1,11.3,7.1
26.72,94.22,101.0,1.020290494,20.46476555,0.0,0.0,0.3,0.5,17.0,0.4,0.0,6.6,0.0,45.2,1.0,0.0,10.0,3.3,6.2,5.8,1.9,0.6,1.9,0.6,0.2,0.4,5.8,2.0,0.6,6.5,2.4,0.7,5.2,1.6
26.72,95.02,651.0,18.17002487,358.9129028,0.0,0.0,15.0,5.0,20.0,2.0,0.0,0.0,13.2,9.0,0.0,8.0,10.0,4.6,2.0,0.6,0.2,0.1,0.0,0.0,6.4,8.1,4.2,1.3,8.1,2.4,0.7,0.2,0.1,0.0
26.75,89.58,612.0,6.99127388,197.7423859,34.4,12.4,59.4,87.6,5.0,17.8,0.0,0.0,0.0,53.4,0.8,6.0,36.4,24.4,100.4,30.1,34.5,11.8,3.9,3.8,7.3,5.2,59.1,26.2,7.9,2.4,43.5,65.7,19.7,5.9
26.75,91.67,109.0,0.478418648,228.2357941,0.0,0.0,0.0,5.9,98.2,0.0,4.0,13.6,0.0,0.0,8.0,0.0,0.0,0.0,25.8,12.5,3.8,1.1,14.9,4.5,11.2,3.4,1.0,0.3,97.6,29.3,8.8,2.6,28.4,14.9
26.75,92.35,97.0,0.318662822,180.0,1.2,0.0,12.4,5.8,46.6,1.8,0.0,1.0,0.0,0.0,116.4,5.6,3.2,3.8,17.8,14.1,4.2,2.3,43.7,18.5,7.5,2.2,2.4,2.3,1.1,13.0,3.9,1.2,1.6,0.8
26.75,92.87,71.0,1.462248445,282.5846252,4.2,34.8,0.0,2.1,59.8,0.0,0.0,0.0,0.0,0.0,0.0,0.0,2.6,7.2,215.6,69.1,21.7,20.2,6.1,1.8,98.0,33.1,9.9,3.0,3.7,1.7,0.5,21.0,8.4,2.5
26.78,91.78,145.0,0.95590961,180.0,0.0,0.0,0.0,5.1,110.0,0.0,0.3,17.2,0.0,0.0,0.0,0.0,0.0,0.0,24.2,7.8,2.3,0.7,0.2,0.1,13.4,4.0,1.2,0.4,2.0,0.6,0.2,5.3,7.2,2.2
26.83,94.75,103.0,1.193158865,216.7630768,0.0,0.0,0.0,26.8,16.6,0.0,0.0,0.0,0.0,0.0,0.0,33.4,1.6,3.2,51.6,17.2,14.6,4.4,1.3,0.4,6.8,49.5,24.8,7.4,5.2,4.4,6.7,2.0,5.6,2.3
26.85,88.83,141.0,0.0,0.0,37.8,9.0,40.0,18.2,6.0,25.0,0.0,63.4,0.0,11.8,0.4,0.0,0.0,19.2,142.0,57.7,17.3,8.8,5.8,1.7,0.5,19.2,8.7,15.4,7.1,2.1,1.4,16.9,7.3,6.0
26.87,88.77,153.0,0.637305915,180.0,31.6,11.2,14.2,63.2,5.8,25.4,0.0,44.6,0.2,12.6,6.2,0.0,0.4,23.8,114.6,131.9,57.0,17.1,9.5,18.8,5.6,1.7,3.5,13.0,8.4,6.0,4.1,65.5,23.2,10.8
26.87,91.93,292.0,2.193288088,234.4873962,0.0,0.0,20.4,42.8,23.4,0.4,0.0,2.8,0.0,27.0,29.0,0.0,0.0,7.6,32.2,9.7,25.6,7.7,2.3,10.5,3.6,1.1,9.5,2.8,0.8,6.6,10.1,12.2,7.8,2.3
26.87,94.25,88.0,2.645673275,164.3439789,1.5,4.6,12.0,0.4,4.3,0.8,0.5,0.5,0.0,1.3,2.8,0.0,9.2,0.0,55.8,16.7,7.1,4.6,26.0,11.1,8.8,2.7,2.6,0.8,3.1,1.6,7.1,2.1,0.6,0.2
26.88,88.47,149.0,5.085262775,180.0,220.2,18.2,5.0,74.6,29.4,18.6,0.2,16.6,0.0,21.4,24.2,0.0,4.4,1.8,163.6,66.6,61.1,21.8,12.2,11.6,15.1,14.2,4.3,16.7,16.5,35.1,13.1,79.3,29.7,12.7
26.88,88.55,182.0,1.895932674,250.3645172,0.0,3.6,3.8,5.2,11.6,6.0,22.4,40.8,4.6,7.0,38.2,12.2,21.8,7.4,26.0,29.8,18.0,30.2,9.1,27.6,17.5,44.1,20.6,9.4,14.0,9.4,2.8,13.0,23.7,29.1
26.92,88.92,282.0,4.685139656,245.9716797,26.2,63.2,22.0,63.2,7.0,16.6,0.0,33.0,0.0,19.6,11.2,20.0,2.0,66.8,110.4,53.5,44.1,23.5,23.9,17.3,9.3,21.4,19.5,47.3,41.6,12.5,3.8,35.7,30.7,16.8
26.92,95.27,820.0,13.99299145,206.77948,0.0,0.8,0.2,19.0,24.0,0.0,0.0,0.0,0.0,3.0,0.0,15.0,35.0,0.6,30.6,10.8,4.2,5.0,92.9,27.9,11.8,7.5,2.5,0.8,0.2,0.1,1.0,1.3,97.9,52.3
26.93,88.7,275.0,3.976606607,99.20764923,282.0,0.0,64.2,69.0,18.1,28.0,0.0,55.0,0.0,89.0,0.0,105.0,28.5,3.2,81.0,24.3,7.3,46.4,13.9,4.2,98.7,89.8,26.9,32.0,31.3,9.4,100.3,40.4,51.8,22.8
26.93,93.97,83.0,0.478842914,48.28111267,0.0,1.6,6.0,10.6,12.6,0.0,0.0,0.0,0.0,0.0,0.0,0.0,0.0,8.2,69.2,20.8,6.2,1.9,0.6,0.2,0.1,0.0,18.4,5.5,1.6,3.0,0.9,0.3,0.1,22.0
26.98,94.62,97.0,0.957856357,131.7062225,0.0,0.0,0.0,24.2,38.4,0.0,0.0,0.0,0.0,11.4,0.0,8.0,24.6,0.0,0.0,0.0,0.0,0.0,0.0,7.0,2.1,0.6,6.1,1.8,0.5,0.2,0.1,9.1,2.7,0.8
26.98,94.63,97.0,1.193728566,323.2003174,5.2,3.2,2.8,14.2,51.8,0.0,12.6,0.0,0.0,0.2,0.0,0.0,0.0,0.4,46.4,13.9,5.8,1.7,98.0,37.2,12.7,3.8,3.6,1.1,0.3,5.9,4.4,15.6,4.7,1.4
27.05,88.27,2029.0,21.55064392,39.23506165,50.0,18.0,0.0,3.0,31.8,8.0,4.0,74.1,0.0,71.4,115.3,0.0,4.4,1.4,45.2,15.6,29.1,15.2,4.6,92.1,34.3,10.3,6.7,2.0,3.4,1.0,79.9,70.6,42.8,21.4
27.05,92.7,306.0,15.08276844,147.7941132,0.0,14.0,21.4,4.6,125.8,0.0,5.6,0.0,0.0,0.0,0.0,0.0,0.0,29.2,115.8,37.8,11.3,3.4,1.0,14.9,5.7,1.7,0.5,12.2,3.7,2.0,96.2,28.9,106.1,31.8
27.07,88.47,1191.0,7.807373047,223.1022034,137.0,0.0,9.0,0.0,4.0,11.0,10.0,93.0,0.0,10.0,63.0,0.0,0.0,0.0,55.0,114.0,48.1,14.4,4.3,1.3,22.2,83.3,35.1,10.5,3.2,9.4,8.9,2.7,6.7,10.9
27.08,88.58,1155.0,21.39384842,173.5918274,111.0,0.2,48.0,0.1,10.0,20.0,37.0,62.0,27.0,37.0,34.0,2.0,0.0,0.1,39.0,109.2,76.6,23.0,9.4,3.2,1.0,3.1,98.4,29.5,13.4,4.7,6.9,99.5,76.9,45.8
27.08,93.62,270.0,19.92683601,169.0741882,2.0,15.6,34.2,11.0,42.0,0.0,0.0,0.0,0.0,0.0,0.0,0.0,0.0,0.0,220.0,66.0,19.8,103.4,38.6,11.6,3.5,1.0,31.8,9.5,2.8,0.8,17.6,5.3,22.2,6.7
27.1,93.62,332.0,4.654193878,266.0826111,3.8,17.5,64.3,45.2,19.0,0.0,0.0,6.7,0.1,0.3,0.3,0.0,0.0,6.6,230.0,70.7,21.4,103.9,31.2,9.5,2.8,1.1,0.5,3.5,98.5,29.6,8.9,2.7,0.8,18.1
27.12,88.23,417.0,19.81758499,188.978302,36.6,2.8,11.2,3.2,11.8,1.6,9.4,28.0,1.2,21.8,69.0,0.0,3.0,2.2,25.8,43.3,13.9,7.6,8.2,2.5,2.1,0.8,13.4,4.0,12.5,4.7,6.7,43.0,27.9,8.4
27.12,92.12,1407.0,34.43376541,210.6917877,1.8,0.0,1.0,2.4,6.0,10.8,16.0,5.8,0.0,7.6,20.1,18.2,0.0,1.4,43.0,12.9,4.2,1.8,6.6,7.7,3.8,4.5,3.2,12.0,13.8,19.9,6.0,6.0,20.6,6.2
27.18,88.5,336.0,24.64181137,36.8486557,2.0,69.2,0.8,0.8,41.6,7.0,15.0,10.2,24.8,49.8,0.0,0.0,0.6,47.0,7.8,2.3,2.6,4.3,7.3,53.2,22.4,11.1,5.6,5.7,3.0,55.2,54.6,23.6,8.5,5.4
27.23,88.38,2001.0,35.2512207,137.0418243,68.2,18.2,71.0,55.8,24.0,43.8,52.8,30.6,31.0,42.0,79.6,0.0,21.6,47.8,30.6,46.5,53.1,40.6,12.2,3.7,12.2,26.9,40.3,36.5,28.9,28.8,56.7,41.1,40.3,42.1
27.23,94.12,90.0,0.716729999,270.0,4.6,13.3,19.4,16.0,26.1,0.0,0.0,15.2,0.0,1.0,0.2,0.0,0.0,0.0,89.2,29.6,8.9,6.7,13.8,6.2,18.2,42.2,15.0,11.2,3.4,2.9,0.9,0.3,0.4,14.7
27.25,94.83,99.0,0.0,0.0,14.4,3.2,3.0,22.2,29.0,0.0,0.0,0.0,0.0,1.0,0.0,27.4,3.0,4.6,31.6,9.5,9.9,4.5,1.9,0.6,13.8,27.1,24.1,48.4,14.5,15.9,4.8,2.4,0.7,63.5
27.25,95.33,121.0,1.194764018,216.8660126,5.6,0.0,22.8,23.0,7.0,0.0,0.0,0.0,0.0,4.4,0.0,5.6,8.6,2.2,13.4,9.0,15.0,4.5,1.3,0.4,4.8,1.4,3.6,1.1,1.8,1.6,9.5,11.7,3.5,1.0
27.25,95.75,398.0,20.61255646,281.0830383,2.0,1.8,12.6,12.8,7.6,10.4,0.0,0.0,0.0,38.6,1.4,11.8,8.8,1.2,42.7,12.8,27.0,17.1,6.7,6.1,1.8,0.9,2.6,12.8,7.8,2.9,3.3,1.0,3.1,0.9
27.28,88.58,1309.0,28.87690163,176.7476349,67.0,0.0,19.0,6.0,3.0,40.7,9.7,15.7,2.7,47.0,14.7,0.0,0.0,8.7,107.5,86.6,36.2,12.9,6.0,19.9,9.6,25.1,12.8,5.1,12.8,3.8,1.1,0.3,3.3,98.5
27.28,95.68,160.0,0.358540565,90.0,0.2,5.8,29.8,14.2,19.3,0.0,0.0,0.0,1.8,26.6,0.0,0.0,29.8,4.2,43.8,20.2,58.2,35.9,10.8,10.0,46.1,28.5,11.0,3.3,5.3,72.8,27.1,9.2,11.5,17.3
27.33,88.62,1569.0,22.47974777,93.08187866,68.3,2.3,23.3,8.6,3.4,37.6,33.7,23.0,8.7,49.0,56.2,6.1,2.0,11.4,52.0,38.1,23.3,104.5,43.1,25.0,7.9,17.6,43.3,79.0,27.8,14.8,7.9,4.9,7.3,20.9
27.33,88.63,1356.0,23.88544464,194.742569,72.0,1.0,27.5,10.0,2.4,33.6,46.2,19.2,8.9,47.6,46.8,0.7,0.2,3.0,63.5,19.2,7.3,11.5,5.4,4.9,5.1,41.7,33.8,26.7,10.6,11.4,4.6,18.6,8.5,26.9
27.33,93.03,522.0,25.91267395,308.1825562,0.0,0.0,3.4,0.0,6.4,5.2,0.0,0.0,0.0,0.0,5.2,0.0,3.2,0.0,3.2,3.9,1.2,3.1,4.7,1.4,0.4,0.1,0.0,0.0,2.8,4.9,5.9,1.8,4.2,1.3
27.33,94.83,100.0,1.122169256,106.4953156,24.4,8.4,0.0,29.0,19.3,3.6,0.0,0.0,0.0,19.4,0.0,1.1,0.0,12.5,53.6,16.1,6.5,2.0,2.5,2.3,0.7,0.2,97.5,29.2,18.2,95.5,35.8,19.9,8.3,7.7
27.42,94.3,98.0,1.195423365,36.90814972,3.0,13.2,32.8,34.6,131.6,0.0,0.0,8.6,0.0,11.8,0.0,10.6,7.6,21.8,82.0,24.6,12.5,3.8,9.6,28.6,8.6,7.3,6.6,2.0,25.0,14.6,4.4,24.9,12.5,11.4
27.45,96.33,832.0,16.42856216,299.3686218,3.2,1.8,0.0,7.8,12.6,8.6,0.0,0.0,4.0,0.6,2.0,2.4,1.4,3.4,26.0,7.8,4.2,1.7,2.0,2.6,4.7,6.9,4.9,3.5,8.7,5.2,3.1,1.3,3.4,6.0
27.48,95.02,117.0,1.668643475,139.7893982,54.4,15.4,4.2,36.4,22.6,0.0,0.0,0.0,0.0,3.2,8.6,21.4,4.0,3.9,31.8,15.7,23.5,17.0,13.2,8.7,2.6,2.4,3.4,4.9,7.8,53.6,27.4,8.2,24.6,14.5
27.5,88.67,3296.0,29.40709877,313.6886292,98.0,2.5,15.0,2.0,1.0,3.0,2.2,10.0,20.0,17.0,42.0,0.0,0.0,1.0,48.0,35.4,79.8,27.0,16.2,10.3,85.3,26.9,9.8,6.4,4.7,2.0,0.6,1.3,34.2,16.9
27.55,88.62,1546.0,20.58738518,225.8996277,8.0,10.4,6.2,9.0,13.4,3.0,6.0,15.8,5.2,2.0,0.2,0.0,2.0,0.0,0.2,0.5,0.5,31.9,10.2,10.5,5.0,21.6,7.5,5.5,6.2,12.1,4.2,1.4,1.4,11.6
27.6,88.65,1543.0,27.11416817,252.9458771,46.3,0.0,28.3,13.4,6.4,3.4,7.0,13.0,18.4,18.3,35.0,11.0,8.0,18.0,4.1,10.3,15.0,12.3,18.9,15.8,16.5,12.2,7.7,7.3,16.2,9.0,4.8,11.1,21.2,23.2
27.72,95.83,140.0,0.731929183,209.4588318,6.8,3.6,5.6,17.0,12.7,0.2,0.0,0.0,0.0,16.0,0.0,36.2,20.0,5.8,25.8,10.7,3.2,1.0,6.5,4.3,2.0,0.6,1.5,2.4,3.9,7.7,34.9,10.7,5.2,1.6
27.75,95.62,128.0,0.360074967,270.0,43.6,0.7,0.0,24.3,19.3,0.0,0.0,0.0,0.0,20.0,0.0,4.5,16.4,5.0,46.6,19.5,21.1,8.4,2.5,0.8,0.2,11.3,10.4,4.6,1.4,0.4,3.1,0.9,84.4,28.9
27.75,96.87,3715.0,20.74475479,310.2482605,4.2,15.2,18.0,0.0,0.0,0.0,0.0,0.0,0.0,0.0,0.0,5.0,8.2,20.0,0.0,12.8,10.2,13.0,3.9,1.2,0.4,0.1,0.0,0.0,12.7,3.8,8.0,7.4,5.7,1.7
27.83,95.78,134.0,0.787948966,246.1465149,27.2,3.3,2.1,45.3,21.6,0.0,0.0,0.0,0.0,6.3,0.0,6.2,0.0,0.0,27.2,8.2,2.5,11.4,3.4,13.9,4.2,1.3,0.4,0.1,29.8,8.9,2.7,4.0,32.2,9.7
27.92,96.17,229.0,0.721248984,90.0,37.8,19.3,0.0,14.5,22.0,0.0,0.0,0.0,0.0,9.0,0.0,25.2,10.2,3.2,21.2,6.4,21.7,12.3,3.7,21.5,16.7,13.9,9.7,2.9,0.9,0.3,12.6,3.8,7.8,2.3
28.1,95.38,182.0,1.926128507,131.4163666,61.0,8.0,3.4,131.3,92.2,0.7,0.0,0.0,0.0,6.0,2.1,0.0,8.8,43.7,141.6,42.5,12.8,18.3,5.5,93.2,28.0,8.9,100.1,86.7,28.4,68.2,20.5,24.2,7.3,2.2
28.12,95.83,314.0,1.914990067,250.5679779,123.4,21.0,0.0,63.2,71.4,0.8,0.0,0.0,0.0,16.8,0.0,42.4,0.0,9.7,115.2,41.2,20.9,6.3,1.9,98.0,55.9,22.5,16.4,26.4,7.9,17.9,5.4,73.1,21.9,30.7
28.22,95.17,1583.0,39.59797287,24.81410217,5.0,0.8,0.0,0.0,12.4,6.0,0.0,0.4,0.0,11.4,2.8,23.0,64.0,22.0,9.0,6.1,1.8,3.5,7.4,13.3,22.3,16.8,10.2,3.1,5.7,1.7,9.3,16.3,6.0,15.8
28.3,94.05,655.0,45.66381454,359.2927246,59.0,57.2,22.8,41.0,4.2,0.0,0.0,25.6,0.0,0.0,0.0,0.0,1.6,66.2,29.8,8.9,9.5,4.8,49.3,14.8,4.4,25.9,10.9,25.2,21.1,36.7,11.0,63.8,27.2,53.9
25.25,92.75,1210.0,4.1979012,102.74111,,,,,,,,,,,,,,,,,,,,,,,,,,,,,,
25.25,93.0,313.0,19.86152,97.72605,,,,,,,,,,,,,,,,,,,,,,,,,,,,,,
25.25,93.25,669.0,18.168678,350.58344,,,,,,,,,,,,,,,,,,,,,,,,,,,,,,
25.5,90.0,90.0,14.099698,121.03631,,,,,,,,,,,,,,,,,,,,,,,,,,,,,,
25.5,90.25,1209.0,11.556498,315.43805,,,,,,,,,,,,,,,,,,,,,,,,,,,,,,
25.5,91.75,1724.0,27.602945,326.7131,,,,,,,,,,,,,,,,,,,,,,,,,,,,,,
25.5,92.25,1295.0,8.0403385,297.28302,,,,,,,,,,,,,,,,,,,,,,,,,,,,,,
25.5,92.5,1059.0,15.386483,180.0,,,,,,,,,,,,,,,,,,,,,,,,,,,,,,
25.5,92.75,527.0,10.266253,216.45029,,,,,,,,,,,,,,,,,,,,,,,,,,,,,,
25.5,93.0,223.0,22.963354,342.76508,,,,,,,,,,,,,,,,,,,,,,,,,,,,,,
25.5,93.25,327.0,14.532943,115.9201,,,,,,,,,,,,,,,,,,,,,,,,,,,,,,
25.5,93.5,485.0,8.533044,166.16852,,,,,,,,,,,,,,,,,,,,,,,,,,,,,,
25.5,94.25,2125.0,11.484637,256.17105,,,,,,,,,,,,,,,,,,,,,,,,,,,,,,
25.75,90.0,43.0,10.489395,330.96426,,,,,,,,,,,,,,,,,,,,,,,,,,,,,,
25.75,90.25,158.0,3.2220669,286.7115,,,,,,,,,,,,,,,,,,,,,,,,,,,,,,
25.75,90.5,203.0,15.190935,83.15197,,,,,,,,,,,,,,,,,,,,,,,,,,,,,,
25.75,90.75,261.0,15.758658,149.36882,,,,,,,,,,,,,,,,,,,,,,,,,,,,,,
25.75,91.0,593.0,13.421802,258.25806,,,,,,,,,,,,,,,,,,,,,,,,,,,,,,
25.75,91.25,829.0,10.373979,51.75797,,,,,,,,,,,,,,,,,,,,,,,,,,,,,,
25.75,91.5,576.0,14.805403,252.16817,,,,,,,,,,,,,,,,,,,,,,,,,,,,,,
25.75,91.75,732.0,15.496255,103.50582,,,,,,,,,,,,,,,,,,,,,,,,,,,,,,
25.75,92.0,902.0,16.132149,141.58434,,,,,,,,,,,,,,,,,,,,,,,,,,,,,,
25.75,92.25,797.0,19.372692,345.19284,,,,,,,,,,,,,,,,,,,,,,,,,,,,,,
25.75,92.5,764.0,8.425283,209.03575,,,,,,,,,,,,,,,,,,,,,,,,,,,,,,
25.75,92.75,168.0,10.234491,224.17087,,,,,,,,,,,,,,,,,,,,,,,,,,,,,,
25.75,93.0,128.0,3.598642,59.016636,,,,,,,,,,,,,,,,,,,,,,,,,,,,,,
25.75,93.25,143.0,7.537641,222.77525,,,,,,,,,,,,,,,,,,,,,,,,,,,,,,
25.75,93.5,232.0,5.554729,213.66956,,,,,,,,,,,,,,,,,,,,,,,,,,,,,,
25.75,93.75,526.0,15.469026,139.5014,,,,,,,,,,,,,,,,,,,,,,,,,,,,,,
25.75,94.0,916.0,17.99206,318.38852,,,,,,,,,,,,,,,,,,,,,,,,,,,,,,
25.75,94.25,645.0,35.043465,143.88579,,,,,,,,,,,,,,,,,,,,,,,,,,,,,,
26.0,90.0,37.0,3.4601285,143.43439,,,,,,,,,,,,,,,,,,,,,,,,,,,,,,
26.0,90.25,36.0,4.5159945,294.199,,,,,,,,,,,,,,,,,,,,,,,,,,,,,,
26.0,90.5,139.0,21.742445,13.050245,,,,,,,,,,,,,,,,,,,,,,,,,,,,,,
26.0,90.75,77.0,12.924115,9.031225,,,,,,,,,,,,,,,,,,,,,,,,,,,,,,
26.0,91.0,44.0,1.3872141,48.050983,,,,,,,,,,,,,,,,,,,,,,,,,,,,,,
26.0,91.25,45.0,2.1217246,150.91277,,,,,,,,,,,,,,,,,,,,,,,,,,,,,,
26.0,91.5,50.0,1.3872141,48.050983,,,,,,,,,,,,,,,,,,,,,,,,,,,,,,
26.0,91.75,456.0,28.95517,15.094711,,,,,,,,,,,,,,,,,,,,,,,,,,,,,,
26.0,92.0,333.0,21.25224,182.65424,,,,,,,,,,,,,,,,,,,,,,,,,,,,,,
26.0,92.25,329.0,22.970991,342.6967,,,,,,,,,,,,,,,,,,,,,,,,,,,,,,
26.0,92.5,145.0,17.112877,263.96396,,,,,,,,,,,,,,,,,,,,,,,,,,,,,,
26.0,92.75,72.0,3.8450236,15.543934,,,,,,,,,,,,,,,,,,,,,,,,,,,,,,
26.0,93.0,80.0,1.3872141,228.05098,,,,,,,,,,,,,,,,,,,,,,,,,,,,,,
26.0,93.25,125.0,3.8450236,195.54393,,,,,,,,,,,,,,,,,,,,,,,,,,,,,,
26.0,93.5,304.0,9.573787,320.15665,,,,,,,,,,,,,,,,,,,,,,,,,,,,,,
26.0,93.75,159.0,2.1217246,29.08723,,,,,,,,,,,,,,,,,,,,,,,,,,,,,,
26.0,94.0,702.0,30.641207,114.199005,,,,,,,,,,,,,,,,,,,,,,,,,,,,,,
26.0,94.25,1089.0,18.73047,295.4466,,,,,,,,,,,,,,,,,,,,,,,,,,,,,,
26.0,94.5,1806.0,27.451897,46.72303,,,,,,,,,,,,,,,,,,,,,,,,,,,,,,
26.25,89.0,59.0,2.1227987,330.86066,,,,,,,,,,,,,,,,,,,,,,,,,,,,,,
26.25,89.25,49.0,0.92740995,180.0,,,,,,,,,,,,,,,,,,,,,,,,,,,,,,
26.25,89.5,38.0,0.0,0.0,,,,,,,,,,,,,,,,,,,,,,,,,,,,,,
26.25,89.75,35.0,0.92740995,0.0,,,,,,,,,,,,,,,,,,,,,,,,,,,,,,
26.25,90.0,57.0,4.23155,257.36227,,,,,,,,,,,,,,,,,,,,,,,,,,,,,,
26.25,90.25,40.0,3.6099005,239.12416,,,,,,,,,,,,,,,,,,,,,,,,,,,,,,
26.25,90.5,36.0,2.965782,159.61182,,,,,,,,,,,,,,,,,,,,,,,,,,,,,,
26.25,90.75,40.0,4.1293907,90.0,,,,,,,,,,,,,,,,,,,,,,,,,,,,,,
26.25,91.0,41.0,1.3888581,131.88806,,,,,,,,,,,,,,,,,,,,,,,,,,,,,,
26.25,91.25,45.0,1.0340266,270.0,,,,,,,,,,,,,,,,,,,,,,,,,,,,,,
26.25,91.5,49.0,3.4627545,216.6243,,,,,,,,,,,,,,,,,,,,,,,,,,,,,,
26.25,91.75,196.0,14.209901,219.90369,,,,,,,,,,,,,,,,,,,,,,,,,,,,,,
26.25,92.0,378.0,21.793558,35.932365,,,,,,,,,,,,,,,,,,,,,,,,,,,,,,
26.25,92.25,60.0,1.3888581,131.88806,,,,,,,,,,,,,,,,,,,,,,,,,,,,,,
26.25,92.5,60.0,1.0340266,90.0,,,,,,,,,,,,,,,,,,,,,,,,,,,,,,
26.25,92.75,66.0,1.3888581,311.88806,,,,,,,,,,,,,,,,,,,,,,,,,,,,,,
26.25,93.0,102.0,6.7820663,162.32982,,,,,,,,,,,,,,,,,,,,,,,,,,,,,,
26.25,93.25,429.0,17.954708,123.33318,,,,,,,,,,,,,,,,,,,,,,,,,,,,,,
26.25,93.5,918.0,25.37231,229.56804,,,,,,,,,,,,,,,,,,,,,,,,,,,,,,
26.25,93.75,265.0,6.180746,90.0,,,,,,,,,,,,,,,,,,,,,,,,,,,,,,
26.25,94.0,115.0,2.1227987,330.86066,,,,,,,,,,,,,,,,,,,,,,,,,,,,,,
26.25,94.25,848.0,12.253958,85.72569,,,,,,,,,,,,,,,,,,,,,,,,,,,,,,
26.25,94.5,822.0,22.0527,2.553666,,,,,,,,,,,,,,,,,,,,,,,,,,,,,,
26.25,94.75,1563.0,18.073872,37.472057,,,,,,,,,,,,,,,,,,,,,,,,,,,,,,
26.5,88.75,78.0,2.2696187,294.10696,,,,,,,,,,,,,,,,,,,,,,,,,,,,,,
26.5,89.0,69.0,1.3905253,228.17354,,,,,,,,,,,,,,,,,,,,,,,,,,,,,,
26.5,89.25,63.0,1.0362657,270.0,,,,,,,,,,,,,,,,,,,,,,,,,,,,,,
26.5,89.5,45.0,1.0362657,90.0,,,,,,,,,,,,,,,,,,,,,,,,,,,,,,
26.5,89.75,51.0,0.92740995,180.0,,,,,,,,,,,,,,,,,,,,,,,,,,,,,,
26.5,90.0,54.0,1.0362657,90.0,,,,,,,,,,,,,,,,,,,,,,,,,,,,,,
26.5,90.25,55.0,0.0,0.0,,,,,,,,,,,,,,,,,,,,,,,,,,,,,,
26.5,90.5,60.0,1.3905253,311.82645,,,,,,,,,,,,,,,,,,,,,,,,,,,,,,
26.5,90.75,46.0,6.783408,17.70606,,,,,,,,,,,,,,,,,,,,,,,,,,,,,,
26.5,91.0,43.0,0.92740995,0.0,,,,,,,,,,,,,,,,,,,,,,,,,,,,,,
26.5,91.25,46.0,1.3905253,228.17354,,,,,,,,,,,,,,,,,,,,,,,,,,,,,,
26.5,91.5,59.0,2.9665608,339.57132,,,,,,,,,,,,,,,,,,,,,,,,,,,,,,
26.5,91.75,63.0,3.2410674,253.38956,,,,,,,,,,,,,,,,,,,,,,,,,,,,,,
26.5,92.0,64.0,3.6156466,59.17873,,,,,,,,,,,,,,,,,,,,,,,,,,,,,,
26.5,92.25,57.0,4.9801598,56.13046,,,,,,,,,,,,,,,,,,,,,,,,,,,,,,
26.5,92.5,66.0,4.7409987,347.40253,,,,,,,,,,,,,,,,,,,,,,,,,,,,,,
26.5,92.75,68.0,2.2696187,294.10696,,,,,,,,,,,,,,,,,,,,,,,,,,,,,,
26.5,93.0,92.0,3.7047918,180.0,,,,,,,,,,,,,,,,,,,,,,,,,,,,,,
26.5,93.25,262.0,3.7047918,0.0,,,,,,,,,,,,,,,,,,,,,,,,,,,,,,
26.5,93.5,610.0,9.195146,0.0,,,,,,,,,,,,,,,,,,,,,,,,,,,,,,
26.5,93.75,111.0,3.1060898,90.0,,,,,,,,,,,,,,,,,,,,,,,,,,,,,,
26.5,94.0,102.0,2.2696187,245.89305,,,,,,,,,,,,,,,,,,,,,,,,,,,,,,
26.5,94.25,336.0,45.778633,333.89108,,,,,,,,,,,,,,,,,,,,,,,,,,,,,,
26.5,94.5,660.0,20.277285,203.0583,,,,,,,,,,,,,,,,,,,,,,,,,,,,,,
26.5,94.75,568.0,17.77529,343.6139,,,,,,,,,,,,,,,,,,,,,,,,,,,,,,
26.5,95.0,1363.0,17.77529,163.61388,,,,,,,,,,,,,,,,,,,,,,,,,,,,,,
26.75,88.75,107.0,1.3922163,131.76418,,,,,,,,,,,,,,,,,,,,,,,,,,,,,,
26.75,89.0,133.0,4.24416,330.75452,,,,,,,,,,,,,,,,,,,,,,,,,,,,,,
26.75,89.25,178.0,0.92740995,180.0,,,,,,,,,,,,,,,,,,,,,,,,,,,,,,
26.75,89.5,212.0,4.83339,40.02641,,,,,,,,,,,,,,,,,,,,,,,,,,,,,,
26.75,90.25,193.0,4.540373,114.06026,,,,,,,,,,,,,,,,,,,,,,,,,,,,,,
26.75,90.5,132.0,2.273756,114.06026,,,,,,,,,,,,,,,,,,,,,,,,,,,,,,
26.75,90.75,252.0,1.3922163,228.23582,,,,,,,,,,,,,,,,,,,,,,,,,,,,,,
26.75,91.0,82.0,1.0385344,270.0,,,,,,,,,,,,,,,,,,,,,,,,,,,,,,
26.75,91.25,69.0,5.547545,180.0,,,,,,,,,,,,,,,,,,,,,,,,,,,,,,
26.75,91.5,116.0,1.3922163,228.23582,,,,,,,,,,,,,,,,,,,,,,,,,,,,,,
26.75,91.75,126.0,8.296467,48.235817,,,,,,,,,,,,,,,,,,,,,,,,,,,,,,
26.75,92.0,109.0,0.92740995,180.0,,,,,,,,,,,,,,,,,,,,,,,,,,,,,,
26.75,92.25,96.0,5.497656,109.6563,,,,,,,,,,,,,,,,,,,,,,,,,,,,,,
26.75,92.5,89.0,0.0,0.0,,,,,,,,,,,,,,,,,,,,,,,,,,,,,,
26.75,92.75,74.0,3.2475712,253.42386,,,,,,,,,,,,,,,,,,,,,,,,,,,,,,
26.75,93.0,77.0,4.249056,77.415375,,,,,,,,,,,,,,,,,,,,,,,,,,,,,,
26.75,93.25,89.0,3.112878,90.0,,,,,,,,,,,,,,,,,,,,,,,,,,,,,,
26.75,93.5,66.0,0.0,0.0,,,,,,,,,,,,,,,,,,,,,,,,,,,,,,
26.75,93.75,70.0,0.0,0.0,,,,,,,,,,,,,,,,,,,,,,,,,,,,,,
26.75,94.0,87.0,3.8468215,164.35979,,,,,,,,,,,,,,,,,,,,,,,,,,,,,,
26.75,94.25,94.0,1.3922163,48.235817,,,,,,,,,,,,,,,,,,,,,,,,,,,,,,
26.75,94.5,120.0,3.4681227,143.25627,,,,,,,,,,,,,,,,,,,,,,,,,,,,,,
26.75,94.75,342.0,13.067188,290.40897,,,,,,,,,,,,,,,,,,,,,,,,,,,,,,
26.75,95.0,682.0,16.16744,223.45772,,,,,,,,,,,,,,,,,,,,,,,,,,,,,,
26.75,95.25,1129.0,12.905451,336.69794,,,,,,,,,,,,,,,,,,,,,,,,,,,,,,
27.0,88.5,688.0,32.220226,252.04755,,,,,,,,,,,,,,,,,,,,,,,,,,,,,,
27.0,88.75,826.0,29.333141,33.341534,,,,,,,,,,,,,,,,,,,,,,,,,,,,,,
27.0,92.25,1100.0,16.196566,141.2822,,,,,,,,,,,,,,,,,,,,,,,,,,,,,,
27.0,92.5,783.0,4.246396,29.299534,,,,,,,,,,,,,,,,,,,,,,,,,,,,,,
27.0,92.75,111.0,2.1261177,150.70047,,,,,,,,,,,,,,,,,,,,,,,,,,,,,,
27.0,93.0,374.0,20.744675,230.12737,,,,,,,,,,,,,,,,,,,,,,,,,,,,,,
27.0,93.25,334.0,11.883978,180.0,,,,,,,,,,,,,,,,,,,,,,,,,,,,,,
27.0,93.5,624.0,18.860895,161.39172,,,,,,,,,,,,,,,,,,,,,,,,,,,,,,
27.0,93.75,98.0,2.277949,294.01312,,,,,,,,,,,,,,,,,,,,,,,,,,,,,,
27.0,94.0,82.0,3.2541616,253.45847,,,,,,,,,,,,,,,,,,,,,,,,,,,,,,
27.0,94.25,86.0,2.277949,294.01312,,,,,,,,,,,,,,,,,,,,,,,,,,,,,,
27.0,94.5,87.0,1.3939312,311.70123,,,,,,,,,,,,,,,,,,,,,,,,,,,,,,
27.0,94.75,94.0,4.7419906,347.3488,,,,,,,,,,,,,,,,,,,,,,,,,,,,,,
27.0,95.0,114.0,1.8543341,0.0,,,,,,,,,,,,,,,,,,,,,,,,,,,,,,
27.0,95.25,411.0,17.361853,261.06418,,,,,,,,,,,,,,,,,,,,,,,,,,,,,,
27.0,95.5,633.0,27.36993,165.77902,,,,,,,,,,,,,,,,,,,,,,,,,,,,,,
27.0,95.75,1348.0,23.138527,33.55205,,,,,,,,,,,,,,,,,,,,,,,,,,,,,,
27.25,88.25,950.0,33.633125,99.80748,,,,,,,,,,,,,,,,,,,,,,,,,,,,,,
27.25,88.5,1169.0,28.035406,223.14827,,,,,,,,,,,,,,,,,,,,,,,,,,,,,,
27.25,88.75,2075.0,47.150093,285.68167,,,,,,,,,,,,,,,,,,,,,,,,,,,,,,
27.25,92.25,2749.0,6.302458,261.57184,,,,,,,,,,,,,,,,,,,,,,,,,,,,,,
27.25,92.5,2194.0,32.071663,231.68289,,,,,,,,,,,,,,,,,,,,,,,,,,,,,,
27.25,92.75,1656.0,32.265163,0.0,,,,,,,,,,,,,,,,,,,,,,,,,,,,,,
27.25,93.0,994.0,19.560404,283.16763,,,,,,,,,,,,,,,,,,,,,,,,,,,,,,
27.25,93.25,1831.0,28.08887,225.76385,,,,,,,,,,,,,,,,,,,,,,,,,,,,,,
27.25,93.5,883.0,21.775602,140.34712,,,,,,,,,,,,,,,,,,,,,,,,,,,,,,
27.25,93.75,767.0,25.561356,147.7928,,,,,,,,,,,,,,,,,,,,,,,,,,,,,,
27.25,94.0,107.0,3.8480663,164.29352,,,,,,,,,,,,,,,,,,,,,,,,,,,,,,
27.25,94.25,90.0,1.3956702,48.362354,,,,,,,,,,,,,,,,,,,,,,,,,,,,,,
27.25,94.5,93.0,4.2486653,150.64578,,,,,,,,,,,,,,,,,,,,,,,,,,,,,,
27.25,94.75,99.0,1.0431615,270.0,,,,,,,,,,,,,,,,,,,,,,,,,,,,,,
27.25,95.0,108.0,2.127257,150.64578,,,,,,,,,,,,,,,,,,,,,,,,,,,,,,
27.25,95.25,119.0,0.0,0.0,,,,,,,,,,,,,,,,,,,,,,,,,,,,,,
27.25,95.5,163.0,2.127257,209.35422,,,,,,,,,,,,,,,,,,,,,,,,,,,,,,
27.25,95.75,394.0,27.93471,285.94757,,,,,,,,,,,,,,,,,,,,,,,,,,,,,,
27.25,96.0,523.0,29.585361,3.6777096,,,,,,,,,,,,,,,,,,,,,,,,,,,,,,
27.25,97.0,1844.0,4.7424974,167.32138,,,,,,,,,,,,,,,,,,,,,,,,,,,,,,
27.5,88.25,4953.0,30.36573,207.85468,,,,,,,,,,,,,,,,,,,,,,,,,,,,,,
27.5,88.5,1728.0,26.052437,153.38644,,,,,,,,,,,,,,,,,,,,,,,,,,,,,,
27.5,88.75,3953.0,37.885365,232.89001,,,,,,,,,,,,,,,,,,,,,,,,,,,,,,
27.5,91.75,2066.0,25.832155,289.5349,,,,,,,,,,,,,,,,,,,,,,,,,,,,,,
27.5,92.0,4061.0,38.958115,19.78887,,,,,,,,,,,,,,,,,,,,,,,,,,,,,,
27.5,92.25,2828.0,33.508377,304.21735,,,,,,,,,,,,,,,,,,,,,,,,,,,,,,
27.5,92.5,2260.0,20.434616,17.090977,,,,,,,,,,,,,,,,,,,,,,,,,,,,,,
27.5,92.75,1802.0,31.916794,55.12593,,,,,,,,,,,,,,,,,,,,,,,,,,,,,,
27.5,93.0,789.0,24.760279,45.416454,,,,,,,,,,,,,,,,,,,,,,,,,,,,,,
27.5,93.25,2246.0,38.19932,76.92147,,,,,,,,,,,,,,,,,,,,,,,,,,,,,,
27.5,93.5,1676.0,27.12396,325.2481,,,,,,,,,,,,,,,,,,,,,,,,,,,,,,
27.5,93.75,1170.0,5.644003,169.35837,,,,,,,,,,,,,,,,,,,,,,,,,,,,,,
27.5,94.0,1830.0,44.776573,153.80519,,,,,,,,,,,,,,,,,,,,,,,,,,,,,,
27.5,94.25,115.0,5.547545,0.0,,,,,,,,,,,,,,,,,,,,,,,,,,,,,,
27.5,94.5,108.0,4.276191,102.50317,,,,,,,,,,,,,,,,,,,,,,,,,,,,,,
27.5,94.75,105.0,1.3974335,311.57336,,,,,,,,,,,,,,,,,,,,,,,,,,,,,,
27.5,95.0,115.0,1.0455204,270.0,,,,,,,,,,,,,,,,,,,,,,,,,,,,,,
27.5,95.25,118.0,1.8543341,0.0,,,,,,,,,,,,,,,,,,,,,,,,,,,,,,
27.5,95.5,132.0,2.2865055,293.91754,,,,,,,,,,,,,,,,,,,,,,,,,,,,,,
27.5,95.75,155.0,2.0903451,270.0,,,,,,,,,,,,,,,,,,,,,,,,,,,,,,
27.5,96.0,171.0,1.3974335,228.42662,,,,,,,,,,,,,,,,,,,,,,,,,,,,,,
27.5,96.25,261.0,8.306406,270.0,,,,,,,,,,,,,,,,,,,,,,,,,,,,,,
27.5,96.5,437.0,4.2509685,150.59044,,,,,,,,,,,,,,,,,,,,,,,,,,,,,,
27.5,96.75,2326.0,27.142254,18.686287,,,,,,,,,,,,,,,,,,,,,,,,,,,,,,
27.75,88.25,4924.0,3.140931,270.0,,,,,,,,,,,,,,,,,,,,,,,,,,,,,,
27.75,88.5,4941.0,33.316418,16.158054,,,,,,,,,,,,,,,,,,,,,,,,,,,,,,
27.75,88.75,3875.0,27.038113,217.53767,,,,,,,,,,,,,,,,,,,,,,,,,,,,,,
27.75,91.75,4013.0,27.723864,240.47313,,,,,,,,,,,,,,,,,,,,,,,,,,,,,,
27.75,92.0,4265.0,32.627502,270.0,,,,,,,,,,,,,,,,,,,,,,,,,,,,,,
27.75,92.25,4975.0,26.455252,315.69955,,,,,,,,,,,,,,,,,,,,,,,,,,,,,,
27.75,92.5,3551.0,28.135603,151.38763,,,,,,,,,,,,,,,,,,,,,,,,,,,,,,
27.75,92.75,3569.0,34.712734,240.61292,,,,,,,,,,,,,,,,,,,,,,,,,,,,,,
27.75,93.0,1631.0,38.42911,109.05292,,,,,,,,,,,,,,,,,,,,,,,,,,,,,,
27.75,93.25,1878.0,31.579576,56.42615,,,,,,,,,,,,,,,,,,,,,,,,,,,,,,
27.75,93.5,1536.0,34.65625,107.72278,,,,,,,,,,,,,,,,,,,,,,,,,,,,,,
27.75,93.75,1420.0,33.316418,16.158054,,,,,,,,,,,,,,,,,,,,,,,,,,,,,,
27.75,94.0,525.0,29.644764,94.895096,,,,,,,,,,,,,,,,,,,,,,,,,,,,,,
27.75,94.25,568.0,41.679546,180.0,,,,,,,,,,,,,,,,,,,,,,,,,,,,,,
27.75,94.5,298.0,43.454937,112.07842,,,,,,,,,,,,,,,,,,,,,,,,,,,,,,
27.75,94.75,623.0,32.305206,166.61884,,,,,,,,,,,,,,,,,,,,,,,,,,,,,,
27.75,95.0,116.0,1.3992217,228.49156,,,,,,,,,,,,,,,,,,,,,,,,,,,,,,
27.75,95.25,117.0,3.274461,253.56416,,,,,,,,,,,,,,,,,,,,,,,,,,,,,,
27.75,95.5,124.0,1.3992217,48.49157,,,,,,,,,,,,,,,,,,,,,,,,,,,,,,
27.75,95.75,139.0,1.0479101,90.0,,,,,,,,,,,,,,,,,,,,,,,,,,,,,,
27.75,96.0,190.0,4.1846514,270.0,,,,,,,,,,,,,,,,,,,,,,,,,,,,,,
27.75,96.25,274.0,3.274461,253.56416,,,,,,,,,,,,,,,,,,,,,,,,,,,,,,
27.75,96.5,2003.0,27.131435,268.18967,,,,,,,,,,,,,,,,,,,,,,,,,,,,,,
27.75,96.75,1767.0,42.72811,240.61292,,,,,,,,,,,,,,,,,,,,,,,,,,,,,,
27.75,97.0,2930.0,30.18388,77.13521,,,,,,,,,,,,,,,,,,,,,,,,,,,,,,
28.0,88.5,5306.0,22.844776,177.50575,,,,,,,,,,,,,,,,,,,,,,,,,,,,,,
28.0,88.75,5096.0,5.6448846,10.689473,,,,,,,,,,,,,,,,,,,,,,,,,,,,,,
28.0,92.75,4711.0,35.5932,87.407455,,,,,,,,,,,,,,,,,,,,,,,,,,,,,,
28.0,93.0,2517.0,14.23286,196.8053,,,,,,,,,,,,,,,,,,,,,,,,,,,,,,
28.0,93.25,2287.0,50.241642,10.546349,,,,,,,,,,,,,,,,,,,,,,,,,,,,,,
28.0,93.5,567.0,23.617493,38.97212,,,,,,,,,,,,,,,,,,,,,,,,,,,,,,
28.0,93.75,566.0,36.517094,139.92484,,,,,,,,,,,,,,,,,,,,,,,,,,,,,,
28.0,94.0,1789.0,26.000563,295.5601,,,,,,,,,,,,,,,,,,,,,,,,,,,,,,
28.0,94.25,297.0,8.464908,150.47777,,,,,,,,,,,,,,,,,,,,,,,,,,,,,,
28.0,94.5,763.0,22.566555,56.952255,,,,,,,,,,,,,,,,,,,,,,,,,,,,,,
28.0,94.75,812.0,5.552739,109.452156,,,,,,,,,,,,,,,,,,,,,,,,,,,,,,
28.0,95.0,778.0,9.143156,232.88112,,,,,,,,,,,,,,,,,,,,,,,,,,,,,,
28.0,95.25,206.0,1.4010348,131.44281,,,,,,,,,,,,,,,,,,,,,,,,,,,,,,
28.0,95.5,149.0,1.8543341,180.0,,,,,,,,,,,,,,,,,,,,,,,,,,,,,,
28.0,95.75,160.0,2.099956,90.0,,,,,,,,,,,,,,,,,,,,,,,,,,,,,,
28.0,96.0,244.0,2.7802885,0.0,,,,,,,,,,,,,,,,,,,,,,,,,,,,,,
28.0,96.25,747.0,30.168081,329.69147,,,,,,,,,,,,,,,,,,,,,,,,,,,,,,
28.0,96.5,2015.0,37.749226,83.99951,,,,,,,,,,,,,,,,,,,,,,,,,,,,,,
28.0,96.75,1459.0,9.977052,236.48705,,,,,,,,,,,,,,,,,,,,,,,,,,,,,,
28.0,97.0,2411.0,25.16429,182.2365,,,,,,,,,,,,,,,,,,,,,,,,,,,,,,
28.0,97.25,4325.0,42.82052,132.94354,,,,,,,,,,,,,,,,,,,,,,,,,,,,,,
28.25,93.25,2324.0,37.223022,97.345535,,,,,,,,,,,,,,,,,,,,,,,,,,,,,,
28.25,93.5,3536.0,46.428185,197.28972,,,,,,,,,,,,,,,,,,,,,,,,,,,,,,
28.25,93.75,2926.0,42.529507,247.15453,,,,,,,,,,,,,,,,,,,,,,,,,,,,,,
28.25,94.0,2371.0,31.663212,13.790718,,,,,,,,,,,,,,,,,,,,,,,,,,,,,,
28.25,94.25,941.0,33.148,260.00827,,,,,,,,,,,,,,,,,,,,,,,,,,,,,,
28.25,94.5,1579.0,29.993584,348.98743,,,,,,,,,,,,,,,,,,,,,,,,,,,,,,
28.25,94.75,588.0,34.612465,20.251274,,,,,,,,,,,,,,,,,,,,,,,,,,,,,,
28.25,95.0,457.0,26.769531,288.71658,,,,,,,,,,,,,,,,,,,,,,,,,,,,,,
28.25,95.25,1442.0,43.367702,12.356938,,,,,,,,,,,,,,,,,,,,,,,,,,,,,,
28.25,95.5,1717.0,30.341913,14.546178,,,,,,,,,,,,,,,,,,,,,,,,,,,,,,
28.25,95.75,420.0,19.207037,201.66917,,,,,,,,,,,,,,,,,,,,,,,,,,,,,,
28.25,96.0,3055.0,14.605949,209.57956,,,,,,,,,,,,,,,,,,,,,,,,,,,,,,
28.25,96.25,3720.0,13.691283,37.11879,,,,,,,,,,,,,,,,,,,,,,,,,,,,,,
28.25,96.5,1438.0,24.952719,228.62347,,,,,,,,,,,,,,,,,,,,,,,,,,,,,,
28.25,96.75,3697.0,32.837048,314.61346,,,,,,,,,,,,,,,,,,,,,,,,,,,,,,
28.25,97.0,2538.0,40.021255,19.16309,,,,,,,,,,,,,,,,,,,,,,,,,,,,,,
28.25,97.25,4396.0,42.480053,35.590492,,,,,,,,,,,,,,,,,,,,,,,,,,,,,,
28.5,93.5,3214.0,40.686626,356.31473,,,,,,,,,,,,,,,,,,,,,,,,,,,,,,
28.5,93.75,3359.0,17.2397,108.23997,,,,,,,,,,,,,,,,,,,,,,,,,,,,,,
28.5,94.0,2828.0,31.001543,297.2561,,,,,,,,,,,,,,,,,,,,,,,,,,,,,,
28.5,94.25,2562.0,45.945435,138.74516,,,,,,,,,,,,,,,,,,,,,,,,,,,,,,
28.5,94.5,1432.0,15.624672,138.80426,,,,,,,,,,,,,,,,,,,,,,,,,,,,,,
28.5,94.75,2282.0,39.306793,161.63974,,,,,,,,,,,,,,,,,,,,,,,,,,,,,,
28.5,95.0,1371.0,36.38932,271.2586,,,,,,,,,,,,,,,,,,,,,,,,,,,,,,
28.5,95.25,1237.0,23.389723,238.40134,,,,,,,,,,,,,,,,,,,,,,,,,,,,,,
28.5,95.5,1945.0,37.85547,181.358,,,,,,,,,,,,,,,,,,,,,,,,,,,,,,
28.5,95.75,1768.0,41.480568,249.64232,,,,,,,,,,,,,,,,,,,,,,,,,,,,,,
28.5,96.0,4025.0,34.750317,259.24124,,,,,,,,,,,,,,,,,,,,,,,,,,,,,,
28.5,96.25,3056.0,11.089818,214.32275,,,,,,,,,,,,,,,,,,,,,,,,,,,,,,
28.75,94.0,4092.0,31.700481,354.85452,,,,,,,,,,,,,,,,,,,,,,,,,,,,,,
28.75,94.25,2630.0,28.997068,344.5433,,,,,,,,,,,,,,,,,,,,,,,,,,,,,,
28.75,94.5,3091.0,20.684423,43.207924,,,,,,,,,,,,,,,,,,,,,,,,,,,,,,
28.75,94.75,1040.0,38.009098,82.86107,,,,,,,,,,,,,,,,,,,,,,,,,,,,,,
28.75,95.0,1644.0,26.605572,275.56387,,,,,,,,,,,,,,,,,,,,,,,,,,,,,,
28.75,95.25,2461.0,43.04476,245.41957,,,,,,,,,,,,,,,,,,,,,,,,,,,,,,
28.75,95.5,2586.0,42.066166,350.58008,,,,,,,,,,,,,,,,,,,,,,,,,,,,,,
28.75,95.75,3079.0,37.466766,353.08148,,,,,,,,,,,,,,,,,,,,,,,,,,,,,,
28.75,96.0,3390.0,35.68666,187.38518,,,,,,,,,,,,,,,,,,,,,,,,,,,,,,
28.75,96.25,2895.0,47.101875,210.9772,,,,,,,,,,,,,,,,,,,,,,,,,,,,,,
28.75,96.5,3233.0,7.188668,206.05083,,,,,,,,,,,,,,,,,,,,,,,,,,,,,,
29.0,94.5,2197.0,38.07199,104.3586,,,,,,,,,,,,,,,,,,,,,,,,,,,,,,
29.0,94.75,2312.0,33.557865,162.1263,,,,,,,,,,,,,,,,,,,,,,,,,,,,,,
29.0,95.0,1380.0,26.306494,169.21112,,,,,,,,,,,,,,,,,,,,,,,,,,,,,,
29.0,95.25,3956.0,26.597145,125.58743,,,,,,,,,,,,,,,,,,,,,,,,,,,,,,
29.0,95.5,2988.0,36.55085,309.28976,,,,,,,,,,,,,,,,,,,,,,,,,,,,,,
29.0,95.75,1850.0,32.96748,267.13882,,,,,,,,,,,,,,,,,,,,,,,,,,,,,,
29.0,96.0,3788.0,41.319435,235.19257,,,,,,,,,,,,,,,,,,,,,,,,,,,,,,
29.25,94.75,4659.0,33.12804,84.30564,,,,,,,,,,,,,,,,,,,,,,,,,,,,,,
29.25,95.75,3963.0,14.021931,74.97268,,,,,,,,,,,,,,,,,,,,,,,,,,,,,,
29.25,96.0,4324.0,12.280429,194.8151,,,,,,,,,,,,,,,,,,,,,,,,,,,,,,
